,action_type,activity_comment,activity_id,activity_properties,assay_chembl_id,assay_description,assay_type,assay_variant_accession,assay_variant_mutation,bao_endpoint,bao_format,bao_label,canonical_smiles,data_validity_comment,data_validity_description,document_chembl_id,document_journal,document_year,ligand_efficiency,molecule_chembl_id,molecule_pref_name,parent_molecule_chembl_id,pchembl_value,potential_duplicate,qudt_units,record_id,relation,src_id,standard_flag,standard_relation,standard_text_value,standard_type,standard_units,standard_upper_value,standard_value,target_chembl_id,target_organism,target_pref_name,target_tax_id,text_value,toid,type,units,uo_units,upper_value,value
262,,,20696387,[],CHEMBL4627009,Antagonist activity at human 5HT2A receptor expressed in HEK293 cells assessed as inhibition of 5HT-induced intracellular Ca2+ mobilization incubated for 1 hr by Fluo-4 dye based fluorescence assay,F,,,BAO_0000190,BAO_0000219,cell-based format,COc1c(O)cccc1C(=O)C1CCN(CCc2ccc(F)cc2)CC1,,,CHEMBL4622985,J Med Chem,2020,,CHEMBL489624,,CHEMBL489624,7.96,0,http://www.openphacts.org/units/Nanomolar,3485907,=,1,1,=,,IC50,nM,,11.0,CHEMBL224,Homo sapiens,Serotonin 2a (5-HT2a) receptor,9606,,,IC50,nM,UO_0000065,,11.0
263,,,20696388,[],CHEMBL4627009,Antagonist activity at human 5HT2A receptor expressed in HEK293 cells assessed as inhibition of 5HT-induced intracellular Ca2+ mobilization incubated for 1 hr by Fluo-4 dye based fluorescence assay,F,,,BAO_0000190,BAO_0000219,cell-based format,COc1cccc(C(=O)C2CCN(CCc3ccc(F)cc3)CC2)c1OC,,,CHEMBL4622985,J Med Chem,2020,,CHEMBL4638006,,CHEMBL4638006,9.09,0,http://www.openphacts.org/units/Nanomolar,3485908,=,1,1,=,,IC50,nM,,0.81,CHEMBL224,Homo sapiens,Serotonin 2a (5-HT2a) receptor,9606,,,IC50,nM,UO_0000065,,0.81
264,,,20696389,[],CHEMBL4627009,Antagonist activity at human 5HT2A receptor expressed in HEK293 cells assessed as inhibition of 5HT-induced intracellular Ca2+ mobilization incubated for 1 hr by Fluo-4 dye based fluorescence assay,F,,,BAO_0000190,BAO_0000219,cell-based format,COCCOc1cccc(C(=O)C2CCN(CCc3ccc(F)cc3)CC2)c1OC,,,CHEMBL4622985,J Med Chem,2020,,CHEMBL4636980,,CHEMBL4636980,8.03,0,http://www.openphacts.org/units/Nanomolar,3485909,=,1,1,=,,IC50,nM,,9.3,CHEMBL224,Homo sapiens,Serotonin 2a (5-HT2a) receptor,9606,,,IC50,nM,UO_0000065,,9.3
265,,,20696390,[],CHEMBL4627009,Antagonist activity at human 5HT2A receptor expressed in HEK293 cells assessed as inhibition of 5HT-induced intracellular Ca2+ mobilization incubated for 1 hr by Fluo-4 dye based fluorescence assay,F,,,BAO_0000190,BAO_0000219,cell-based format,COc1ccccc1C1CCN(c2ccn3c(CC4CC4)nnc3c2Cl)CC1,,,CHEMBL4622985,J Med Chem,2020,,CHEMBL2206440,,CHEMBL2206440,5.89,0,http://www.openphacts.org/units/Nanomolar,3485910,=,1,1,=,,IC50,nM,,1300.0,CHEMBL224,Homo sapiens,Serotonin 2a (5-HT2a) receptor,9606,,,IC50,nM,UO_0000065,,1300.0
266,,,20696391,[],CHEMBL4627009,Antagonist activity at human 5HT2A receptor expressed in HEK293 cells assessed as inhibition of 5HT-induced intracellular Ca2+ mobilization incubated for 1 hr by Fluo-4 dye based fluorescence assay,F,,,BAO_0000190,BAO_0000219,cell-based format,COc1cccc(C2CCN(c3ccn4c(CC5CC5)nnc4c3Cl)CC2)c1,,,CHEMBL4622985,J Med Chem,2020,,CHEMBL4646835,,CHEMBL4646835,5.39,0,http://www.openphacts.org/units/Nanomolar,3485911,=,1,1,=,,IC50,nM,,4100.0,CHEMBL224,Homo sapiens,Serotonin 2a (5-HT2a) receptor,9606,,,IC50,nM,UO_0000065,,4100.0
267,,,20696392,[],CHEMBL4627009,Antagonist activity at human 5HT2A receptor expressed in HEK293 cells assessed as inhibition of 5HT-induced intracellular Ca2+ mobilization incubated for 1 hr by Fluo-4 dye based fluorescence assay,F,,,BAO_0000190,BAO_0000219,cell-based format,COc1ccc(C2CCN(c3ccn4c(CC5CC5)nnc4c3Cl)CC2)cc1,,,CHEMBL4622985,J Med Chem,2020,,CHEMBL4632373,,CHEMBL4632373,,0,http://www.openphacts.org/units/Nanomolar,3485912,>,1,1,>,,IC50,nM,,50000.0,CHEMBL224,Homo sapiens,Serotonin 2a (5-HT2a) receptor,9606,,,IC50,nM,UO_0000065,,50000.0
268,,,20696393,[],CHEMBL4627009,Antagonist activity at human 5HT2A receptor expressed in HEK293 cells assessed as inhibition of 5HT-induced intracellular Ca2+ mobilization incubated for 1 hr by Fluo-4 dye based fluorescence assay,F,,,BAO_0000190,BAO_0000219,cell-based format,COCCOc1ccccc1C1CCN(c2ccn3c(CC4CC4)nnc3c2Cl)CC1,,,CHEMBL4622985,J Med Chem,2020,,CHEMBL4643961,,CHEMBL4643961,5.41,0,http://www.openphacts.org/units/Nanomolar,3485913,=,1,1,=,,IC50,nM,,3900.0,CHEMBL224,Homo sapiens,Serotonin 2a (5-HT2a) receptor,9606,,,IC50,nM,UO_0000065,,3900.0
269,,,20696394,[],CHEMBL4627009,Antagonist activity at human 5HT2A receptor expressed in HEK293 cells assessed as inhibition of 5HT-induced intracellular Ca2+ mobilization incubated for 1 hr by Fluo-4 dye based fluorescence assay,F,,,BAO_0000190,BAO_0000219,cell-based format,COCCOc1cccc(C2CCN(c3ccn4c(CC5CC5)nnc4c3Cl)CC2)c1,,,CHEMBL4622985,J Med Chem,2020,,CHEMBL4635729,,CHEMBL4635729,5.22,0,http://www.openphacts.org/units/Nanomolar,3485914,=,1,1,=,,IC50,nM,,6000.0,CHEMBL224,Homo sapiens,Serotonin 2a (5-HT2a) receptor,9606,,,IC50,nM,UO_0000065,,6000.0
270,,,20696395,[],CHEMBL4627009,Antagonist activity at human 5HT2A receptor expressed in HEK293 cells assessed as inhibition of 5HT-induced intracellular Ca2+ mobilization incubated for 1 hr by Fluo-4 dye based fluorescence assay,F,,,BAO_0000190,BAO_0000219,cell-based format,COCCOc1ccc(C2CCN(c3ccn4c(CC5CC5)nnc4c3Cl)CC2)cc1,,,CHEMBL4622985,J Med Chem,2020,,CHEMBL4645305,,CHEMBL4645305,,0,http://www.openphacts.org/units/Nanomolar,3485915,>,1,1,>,,IC50,nM,,50000.0,CHEMBL224,Homo sapiens,Serotonin 2a (5-HT2a) receptor,9606,,,IC50,nM,UO_0000065,,50000.0
271,,,20696396,[],CHEMBL4627009,Antagonist activity at human 5HT2A receptor expressed in HEK293 cells assessed as inhibition of 5HT-induced intracellular Ca2+ mobilization incubated for 1 hr by Fluo-4 dye based fluorescence assay,F,,,BAO_0000190,BAO_0000219,cell-based format,Oc1ccc(C2CCN(c3ccn4c(CC5CC5)nnc4c3Cl)CC2)cc1,,,CHEMBL4622985,J Med Chem,2020,,CHEMBL4646555,,CHEMBL4646555,6.14,0,http://www.openphacts.org/units/Nanomolar,3485916,=,1,1,=,,IC50,nM,,720.0,CHEMBL224,Homo sapiens,Serotonin 2a (5-HT2a) receptor,9606,,,IC50,nM,UO_0000065,,720.0
272,,,20696397,[],CHEMBL4627009,Antagonist activity at human 5HT2A receptor expressed in HEK293 cells assessed as inhibition of 5HT-induced intracellular Ca2+ mobilization incubated for 1 hr by Fluo-4 dye based fluorescence assay,F,,,BAO_0000190,BAO_0000219,cell-based format,COc1c(OCCOCCOCCOc2ccc(C3CCN(c4ccn5c(CC6CC6)nnc5c4Cl)CC3)cc2)cccc1C(=O)C1CCN(CCc2ccc(F)cc2)CC1,,,CHEMBL4622985,J Med Chem,2020,,CHEMBL4642761,,CHEMBL4642761,5.92,0,http://www.openphacts.org/units/Nanomolar,3485917,=,1,1,=,,IC50,nM,,1200.0,CHEMBL224,Homo sapiens,Serotonin 2a (5-HT2a) receptor,9606,,,IC50,nM,UO_0000065,,1200.0
273,,,20696398,[],CHEMBL4627009,Antagonist activity at human 5HT2A receptor expressed in HEK293 cells assessed as inhibition of 5HT-induced intracellular Ca2+ mobilization incubated for 1 hr by Fluo-4 dye based fluorescence assay,F,,,BAO_0000190,BAO_0000219,cell-based format,COc1c(OCCOCCOCCOCCOc2ccc(C3CCN(c4ccn5c(CC6CC6)nnc5c4Cl)CC3)cc2)cccc1C(=O)C1CCN(CCc2ccc(F)cc2)CC1,,,CHEMBL4622985,J Med Chem,2020,,CHEMBL4639821,,CHEMBL4639821,6.55,0,http://www.openphacts.org/units/Nanomolar,3485918,=,1,1,=,,IC50,nM,,280.0,CHEMBL224,Homo sapiens,Serotonin 2a (5-HT2a) receptor,9606,,,IC50,nM,UO_0000065,,280.0
274,,,20696399,[],CHEMBL4627009,Antagonist activity at human 5HT2A receptor expressed in HEK293 cells assessed as inhibition of 5HT-induced intracellular Ca2+ mobilization incubated for 1 hr by Fluo-4 dye based fluorescence assay,F,,,BAO_0000190,BAO_0000219,cell-based format,COc1c(OCCOCCOCCOCCOCCOc2ccc(C3CCN(c4ccn5c(CC6CC6)nnc5c4Cl)CC3)cc2)cccc1C(=O)C1CCN(CCc2ccc(F)cc2)CC1,,,CHEMBL4622985,J Med Chem,2020,,CHEMBL4635373,,CHEMBL4635373,6.35,0,http://www.openphacts.org/units/Nanomolar,3485919,=,1,1,=,,IC50,nM,,450.0,CHEMBL224,Homo sapiens,Serotonin 2a (5-HT2a) receptor,9606,,,IC50,nM,UO_0000065,,450.0
275,,,20696400,[],CHEMBL4627009,Antagonist activity at human 5HT2A receptor expressed in HEK293 cells assessed as inhibition of 5HT-induced intracellular Ca2+ mobilization incubated for 1 hr by Fluo-4 dye based fluorescence assay,F,,,BAO_0000190,BAO_0000219,cell-based format,COc1c(OCCOCCOCCOCCOCCOCCOc2ccc(C3CCN(c4ccn5c(CC6CC6)nnc5c4Cl)CC3)cc2)cccc1C(=O)C1CCN(CCc2ccc(F)cc2)CC1,,,CHEMBL4622985,J Med Chem,2020,,CHEMBL4638687,,CHEMBL4638687,6.57,0,http://www.openphacts.org/units/Nanomolar,3485920,=,1,1,=,,IC50,nM,,270.0,CHEMBL224,Homo sapiens,Serotonin 2a (5-HT2a) receptor,9606,,,IC50,nM,UO_0000065,,270.0
276,,,20696401,[],CHEMBL4627009,Antagonist activity at human 5HT2A receptor expressed in HEK293 cells assessed as inhibition of 5HT-induced intracellular Ca2+ mobilization incubated for 1 hr by Fluo-4 dye based fluorescence assay,F,,,BAO_0000190,BAO_0000219,cell-based format,COc1c(OCCOCCOCCOCCOCCOCCOCCOCCOc2ccc(C3CCN(c4ccn5c(CC6CC6)nnc5c4Cl)CC3)cc2)cccc1C(=O)C1CCN(CCc2ccc(F)cc2)CC1,,,CHEMBL4622985,J Med Chem,2020,,CHEMBL4645193,,CHEMBL4645193,6.39,0,http://www.openphacts.org/units/Nanomolar,3485921,=,1,1,=,,IC50,nM,,410.0,CHEMBL224,Homo sapiens,Serotonin 2a (5-HT2a) receptor,9606,,,IC50,nM,UO_0000065,,410.0
277,,,20696402,[],CHEMBL4627009,Antagonist activity at human 5HT2A receptor expressed in HEK293 cells assessed as inhibition of 5HT-induced intracellular Ca2+ mobilization incubated for 1 hr by Fluo-4 dye based fluorescence assay,F,,,BAO_0000190,BAO_0000219,cell-based format,COc1c(OCCOCCOCCOCCOCCOCCOCCOCCOCCOCCOc2ccc(C3CCN(c4ccn5c(CC6CC6)nnc5c4Cl)CC3)cc2)cccc1C(=O)C1CCN(CCc2ccc(F)cc2)CC1,,,CHEMBL4622985,J Med Chem,2020,,CHEMBL4641860,,CHEMBL4641860,6.52,0,http://www.openphacts.org/units/Nanomolar,3485922,=,1,1,=,,IC50,nM,,300.0,CHEMBL224,Homo sapiens,Serotonin 2a (5-HT2a) receptor,9606,,,IC50,nM,UO_0000065,,300.0
278,,,20696403,[],CHEMBL4627009,Antagonist activity at human 5HT2A receptor expressed in HEK293 cells assessed as inhibition of 5HT-induced intracellular Ca2+ mobilization incubated for 1 hr by Fluo-4 dye based fluorescence assay,F,,,BAO_0000190,BAO_0000219,cell-based format,COc1c(OCCOCCOCCOCCOCCOCCOCCOCCOCCOCCOCCOCCOc2ccc(C3CCN(c4ccn5c(CC6CC6)nnc5c4Cl)CC3)cc2)cccc1C(=O)C1CCN(CCc2ccc(F)cc2)CC1,,,CHEMBL4622985,J Med Chem,2020,,CHEMBL4635960,,CHEMBL4635960,6.28,0,http://www.openphacts.org/units/Nanomolar,3485923,=,1,1,=,,IC50,nM,,520.0,CHEMBL224,Homo sapiens,Serotonin 2a (5-HT2a) receptor,9606,,,IC50,nM,UO_0000065,,520.0
279,,,20696404,[],CHEMBL4627009,Antagonist activity at human 5HT2A receptor expressed in HEK293 cells assessed as inhibition of 5HT-induced intracellular Ca2+ mobilization incubated for 1 hr by Fluo-4 dye based fluorescence assay,F,,,BAO_0000190,BAO_0000219,cell-based format,COc1c(O)cccc1C(=O)C1CCN(CCc2ccc(F)cc2)CC1,,,CHEMBL4622985,J Med Chem,2020,,CHEMBL489624,,CHEMBL489624,7.96,0,http://www.openphacts.org/units/Nanomolar,3485907,=,1,1,=,,IC50,nM,,10.96,CHEMBL224,Homo sapiens,Serotonin 2a (5-HT2a) receptor,9606,,,pIC50,,UO_0000065,,7.96
280,,,20696405,[],CHEMBL4627009,Antagonist activity at human 5HT2A receptor expressed in HEK293 cells assessed as inhibition of 5HT-induced intracellular Ca2+ mobilization incubated for 1 hr by Fluo-4 dye based fluorescence assay,F,,,BAO_0000190,BAO_0000219,cell-based format,COc1cccc(C(=O)C2CCN(CCc3ccc(F)cc3)CC2)c1OC,,,CHEMBL4622985,J Med Chem,2020,,CHEMBL4638006,,CHEMBL4638006,9.09,0,http://www.openphacts.org/units/Nanomolar,3485908,=,1,1,=,,IC50,nM,,0.8128,CHEMBL224,Homo sapiens,Serotonin 2a (5-HT2a) receptor,9606,,,pIC50,,UO_0000065,,9.09
281,,,20696406,[],CHEMBL4627009,Antagonist activity at human 5HT2A receptor expressed in HEK293 cells assessed as inhibition of 5HT-induced intracellular Ca2+ mobilization incubated for 1 hr by Fluo-4 dye based fluorescence assay,F,,,BAO_0000190,BAO_0000219,cell-based format,COCCOc1cccc(C(=O)C2CCN(CCc3ccc(F)cc3)CC2)c1OC,,,CHEMBL4622985,J Med Chem,2020,,CHEMBL4636980,,CHEMBL4636980,8.03,0,http://www.openphacts.org/units/Nanomolar,3485909,=,1,1,=,,IC50,nM,,9.333,CHEMBL224,Homo sapiens,Serotonin 2a (5-HT2a) receptor,9606,,,pIC50,,UO_0000065,,8.03
282,,,20696407,[],CHEMBL4627009,Antagonist activity at human 5HT2A receptor expressed in HEK293 cells assessed as inhibition of 5HT-induced intracellular Ca2+ mobilization incubated for 1 hr by Fluo-4 dye based fluorescence assay,F,,,BAO_0000190,BAO_0000219,cell-based format,COc1ccccc1C1CCN(c2ccn3c(CC4CC4)nnc3c2Cl)CC1,,,CHEMBL4622985,J Med Chem,2020,,CHEMBL2206440,,CHEMBL2206440,5.89,0,http://www.openphacts.org/units/Nanomolar,3485910,=,1,1,=,,IC50,nM,,1288.25,CHEMBL224,Homo sapiens,Serotonin 2a (5-HT2a) receptor,9606,,,pIC50,,UO_0000065,,5.89
283,,,20696408,[],CHEMBL4627009,Antagonist activity at human 5HT2A receptor expressed in HEK293 cells assessed as inhibition of 5HT-induced intracellular Ca2+ mobilization incubated for 1 hr by Fluo-4 dye based fluorescence assay,F,,,BAO_0000190,BAO_0000219,cell-based format,COc1cccc(C2CCN(c3ccn4c(CC5CC5)nnc4c3Cl)CC2)c1,,,CHEMBL4622985,J Med Chem,2020,,CHEMBL4646835,,CHEMBL4646835,5.38,0,http://www.openphacts.org/units/Nanomolar,3485911,=,1,1,=,,IC50,nM,,4168.69,CHEMBL224,Homo sapiens,Serotonin 2a (5-HT2a) receptor,9606,,,pIC50,,UO_0000065,,5.38
284,,,20696409,[],CHEMBL4627009,Antagonist activity at human 5HT2A receptor expressed in HEK293 cells assessed as inhibition of 5HT-induced intracellular Ca2+ mobilization incubated for 1 hr by Fluo-4 dye based fluorescence assay,F,,,BAO_0000190,BAO_0000219,cell-based format,COc1ccc(C2CCN(c3ccn4c(CC5CC5)nnc4c3Cl)CC2)cc1,,,CHEMBL4622985,J Med Chem,2020,,CHEMBL4632373,,CHEMBL4632373,,0,http://www.openphacts.org/units/Nanomolar,3485912,<,1,1,>,,IC50,nM,,50118.72,CHEMBL224,Homo sapiens,Serotonin 2a (5-HT2a) receptor,9606,,,pIC50,,UO_0000065,,4.3
285,,,20696410,[],CHEMBL4627009,Antagonist activity at human 5HT2A receptor expressed in HEK293 cells assessed as inhibition of 5HT-induced intracellular Ca2+ mobilization incubated for 1 hr by Fluo-4 dye based fluorescence assay,F,,,BAO_0000190,BAO_0000219,cell-based format,COCCOc1ccccc1C1CCN(c2ccn3c(CC4CC4)nnc3c2Cl)CC1,,,CHEMBL4622985,J Med Chem,2020,,CHEMBL4643961,,CHEMBL4643961,5.40,0,http://www.openphacts.org/units/Nanomolar,3485913,=,1,1,=,,IC50,nM,,3981.07,CHEMBL224,Homo sapiens,Serotonin 2a (5-HT2a) receptor,9606,,,pIC50,,UO_0000065,,5.4
286,,,20696411,[],CHEMBL4627009,Antagonist activity at human 5HT2A receptor expressed in HEK293 cells assessed as inhibition of 5HT-induced intracellular Ca2+ mobilization incubated for 1 hr by Fluo-4 dye based fluorescence assay,F,,,BAO_0000190,BAO_0000219,cell-based format,COCCOc1cccc(C2CCN(c3ccn4c(CC5CC5)nnc4c3Cl)CC2)c1,,,CHEMBL4622985,J Med Chem,2020,,CHEMBL4635729,,CHEMBL4635729,5.22,0,http://www.openphacts.org/units/Nanomolar,3485914,=,1,1,=,,IC50,nM,,6025.6,CHEMBL224,Homo sapiens,Serotonin 2a (5-HT2a) receptor,9606,,,pIC50,,UO_0000065,,5.22
287,,,20696412,[],CHEMBL4627009,Antagonist activity at human 5HT2A receptor expressed in HEK293 cells assessed as inhibition of 5HT-induced intracellular Ca2+ mobilization incubated for 1 hr by Fluo-4 dye based fluorescence assay,F,,,BAO_0000190,BAO_0000219,cell-based format,COCCOc1ccc(C2CCN(c3ccn4c(CC5CC5)nnc4c3Cl)CC2)cc1,,,CHEMBL4622985,J Med Chem,2020,,CHEMBL4645305,,CHEMBL4645305,,0,http://www.openphacts.org/units/Nanomolar,3485915,<,1,1,>,,IC50,nM,,50118.72,CHEMBL224,Homo sapiens,Serotonin 2a (5-HT2a) receptor,9606,,,pIC50,,UO_0000065,,4.3
288,,,20696413,[],CHEMBL4627009,Antagonist activity at human 5HT2A receptor expressed in HEK293 cells assessed as inhibition of 5HT-induced intracellular Ca2+ mobilization incubated for 1 hr by Fluo-4 dye based fluorescence assay,F,,,BAO_0000190,BAO_0000219,cell-based format,Oc1ccc(C2CCN(c3ccn4c(CC5CC5)nnc4c3Cl)CC2)cc1,,,CHEMBL4622985,J Med Chem,2020,,CHEMBL4646555,,CHEMBL4646555,6.14,0,http://www.openphacts.org/units/Nanomolar,3485916,=,1,1,=,,IC50,nM,,724.44,CHEMBL224,Homo sapiens,Serotonin 2a (5-HT2a) receptor,9606,,,pIC50,,UO_0000065,,6.14
289,,,20696414,[],CHEMBL4627009,Antagonist activity at human 5HT2A receptor expressed in HEK293 cells assessed as inhibition of 5HT-induced intracellular Ca2+ mobilization incubated for 1 hr by Fluo-4 dye based fluorescence assay,F,,,BAO_0000190,BAO_0000219,cell-based format,COc1c(OCCOCCOCCOc2ccc(C3CCN(c4ccn5c(CC6CC6)nnc5c4Cl)CC3)cc2)cccc1C(=O)C1CCN(CCc2ccc(F)cc2)CC1,,,CHEMBL4622985,J Med Chem,2020,,CHEMBL4642761,,CHEMBL4642761,5.92,0,http://www.openphacts.org/units/Nanomolar,3485917,=,1,1,=,,IC50,nM,,1202.26,CHEMBL224,Homo sapiens,Serotonin 2a (5-HT2a) receptor,9606,,,pIC50,,UO_0000065,,5.92
290,,,20696415,[],CHEMBL4627009,Antagonist activity at human 5HT2A receptor expressed in HEK293 cells assessed as inhibition of 5HT-induced intracellular Ca2+ mobilization incubated for 1 hr by Fluo-4 dye based fluorescence assay,F,,,BAO_0000190,BAO_0000219,cell-based format,COc1c(OCCOCCOCCOCCOc2ccc(C3CCN(c4ccn5c(CC6CC6)nnc5c4Cl)CC3)cc2)cccc1C(=O)C1CCN(CCc2ccc(F)cc2)CC1,,,CHEMBL4622985,J Med Chem,2020,,CHEMBL4639821,,CHEMBL4639821,6.54,0,http://www.openphacts.org/units/Nanomolar,3485918,=,1,1,=,,IC50,nM,,288.4,CHEMBL224,Homo sapiens,Serotonin 2a (5-HT2a) receptor,9606,,,pIC50,,UO_0000065,,6.54
291,,,20696416,[],CHEMBL4627009,Antagonist activity at human 5HT2A receptor expressed in HEK293 cells assessed as inhibition of 5HT-induced intracellular Ca2+ mobilization incubated for 1 hr by Fluo-4 dye based fluorescence assay,F,,,BAO_0000190,BAO_0000219,cell-based format,COc1c(OCCOCCOCCOCCOCCOc2ccc(C3CCN(c4ccn5c(CC6CC6)nnc5c4Cl)CC3)cc2)cccc1C(=O)C1CCN(CCc2ccc(F)cc2)CC1,,,CHEMBL4622985,J Med Chem,2020,,CHEMBL4635373,,CHEMBL4635373,6.35,0,http://www.openphacts.org/units/Nanomolar,3485919,=,1,1,=,,IC50,nM,,446.68,CHEMBL224,Homo sapiens,Serotonin 2a (5-HT2a) receptor,9606,,,pIC50,,UO_0000065,,6.35
292,,,20696417,[],CHEMBL4627009,Antagonist activity at human 5HT2A receptor expressed in HEK293 cells assessed as inhibition of 5HT-induced intracellular Ca2+ mobilization incubated for 1 hr by Fluo-4 dye based fluorescence assay,F,,,BAO_0000190,BAO_0000219,cell-based format,COc1c(OCCOCCOCCOCCOCCOCCOc2ccc(C3CCN(c4ccn5c(CC6CC6)nnc5c4Cl)CC3)cc2)cccc1C(=O)C1CCN(CCc2ccc(F)cc2)CC1,,,CHEMBL4622985,J Med Chem,2020,,CHEMBL4638687,,CHEMBL4638687,6.56,0,http://www.openphacts.org/units/Nanomolar,3485920,=,1,1,=,,IC50,nM,,275.42,CHEMBL224,Homo sapiens,Serotonin 2a (5-HT2a) receptor,9606,,,pIC50,,UO_0000065,,6.56
293,,,20696418,[],CHEMBL4627009,Antagonist activity at human 5HT2A receptor expressed in HEK293 cells assessed as inhibition of 5HT-induced intracellular Ca2+ mobilization incubated for 1 hr by Fluo-4 dye based fluorescence assay,F,,,BAO_0000190,BAO_0000219,cell-based format,COc1c(OCCOCCOCCOCCOCCOCCOCCOCCOc2ccc(C3CCN(c4ccn5c(CC6CC6)nnc5c4Cl)CC3)cc2)cccc1C(=O)C1CCN(CCc2ccc(F)cc2)CC1,,,CHEMBL4622985,J Med Chem,2020,,CHEMBL4645193,,CHEMBL4645193,6.39,0,http://www.openphacts.org/units/Nanomolar,3485921,=,1,1,=,,IC50,nM,,407.38,CHEMBL224,Homo sapiens,Serotonin 2a (5-HT2a) receptor,9606,,,pIC50,,UO_0000065,,6.39
294,,,20696419,[],CHEMBL4627009,Antagonist activity at human 5HT2A receptor expressed in HEK293 cells assessed as inhibition of 5HT-induced intracellular Ca2+ mobilization incubated for 1 hr by Fluo-4 dye based fluorescence assay,F,,,BAO_0000190,BAO_0000219,cell-based format,COc1c(OCCOCCOCCOCCOCCOCCOCCOCCOCCOCCOc2ccc(C3CCN(c4ccn5c(CC6CC6)nnc5c4Cl)CC3)cc2)cccc1C(=O)C1CCN(CCc2ccc(F)cc2)CC1,,,CHEMBL4622985,J Med Chem,2020,,CHEMBL4641860,,CHEMBL4641860,6.52,0,http://www.openphacts.org/units/Nanomolar,3485922,=,1,1,=,,IC50,nM,,302.0,CHEMBL224,Homo sapiens,Serotonin 2a (5-HT2a) receptor,9606,,,pIC50,,UO_0000065,,6.52
295,,,20696420,[],CHEMBL4627009,Antagonist activity at human 5HT2A receptor expressed in HEK293 cells assessed as inhibition of 5HT-induced intracellular Ca2+ mobilization incubated for 1 hr by Fluo-4 dye based fluorescence assay,F,,,BAO_0000190,BAO_0000219,cell-based format,COc1c(OCCOCCOCCOCCOCCOCCOCCOCCOCCOCCOCCOCCOc2ccc(C3CCN(c4ccn5c(CC6CC6)nnc5c4Cl)CC3)cc2)cccc1C(=O)C1CCN(CCc2ccc(F)cc2)CC1,,,CHEMBL4622985,J Med Chem,2020,,CHEMBL4635960,,CHEMBL4635960,6.29,0,http://www.openphacts.org/units/Nanomolar,3485923,=,1,1,=,,IC50,nM,,512.86,CHEMBL224,Homo sapiens,Serotonin 2a (5-HT2a) receptor,9606,,,pIC50,,UO_0000065,,6.29
307,"{'action_type': 'ANTAGONIST', 'description': 'Binds to a receptor and prevents activation by an agonist through competing for the binding site', 'parent_type': 'NEGATIVE MODULATOR'}",,24804012,"[{'comments': None, 'relation': '=', 'result_flag': 0, 'standard_relation': '=', 'standard_text_value': None, 'standard_type': 'TIME', 'standard_units': 'hr', 'standard_value': '0.25', 'text_value': None, 'type': 'Time', 'units': 'min', 'value': '15.0'}]",CHEMBL5135453,Antagonist activity at 5-HT2A receptor (unknown origin) expressed in CHO-K1 cells assessed as reduction in intracellular Ca2+ mobilization incubated for 15 mins by FLIPR assay,F,,,BAO_0000190,BAO_0000219,cell-based format,CC(C)COc1ccc(CNC(=O)N(Cc2ccc(F)cc2)C2CCN(C)CC2)cc1,,,CHEMBL5131502,Eur J Med Chem,2022,,CHEMBL2111101,PIMAVANSERIN,CHEMBL2111101,7.56,0,http://www.openphacts.org/units/Nanomolar,3872108,=,1,1,=,,IC50,nM,,27.3,CHEMBL224,Homo sapiens,Serotonin 2a (5-HT2a) receptor,9606,,,IC50,nM,UO_0000065,,27.3
308,"{'action_type': 'ANTAGONIST', 'description': 'Binds to a receptor and prevents activation by an agonist through competing for the binding site', 'parent_type': 'NEGATIVE MODULATOR'}",,24804013,"[{'comments': None, 'relation': '=', 'result_flag': 0, 'standard_relation': '=', 'standard_text_value': None, 'standard_type': 'TIME', 'standard_units': 'hr', 'standard_value': '0.25', 'text_value': None, 'type': 'Time', 'units': 'min', 'value': '15.0'}]",CHEMBL5135453,Antagonist activity at 5-HT2A receptor (unknown origin) expressed in CHO-K1 cells assessed as reduction in intracellular Ca2+ mobilization incubated for 15 mins by FLIPR assay,F,,,BAO_0000190,BAO_0000219,cell-based format,CC(C)COc1ccc(CNC(=O)N(Cc2ccc(F)cc2)C2CCN(CCN(C)C)CC2)cc1,,,CHEMBL5131502,Eur J Med Chem,2022,,CHEMBL5181824,,CHEMBL5181824,7.12,0,http://www.openphacts.org/units/Nanomolar,3872109,=,1,1,=,,IC50,nM,,75.4,CHEMBL224,Homo sapiens,Serotonin 2a (5-HT2a) receptor,9606,,,IC50,nM,UO_0000065,,75.4
309,"{'action_type': 'ANTAGONIST', 'description': 'Binds to a receptor and prevents activation by an agonist through competing for the binding site', 'parent_type': 'NEGATIVE MODULATOR'}",,24804014,"[{'comments': None, 'relation': '=', 'result_flag': 0, 'standard_relation': '=', 'standard_text_value': None, 'standard_type': 'TIME', 'standard_units': 'hr', 'standard_value': '0.25', 'text_value': None, 'type': 'Time', 'units': 'min', 'value': '15.0'}]",CHEMBL5135453,Antagonist activity at 5-HT2A receptor (unknown origin) expressed in CHO-K1 cells assessed as reduction in intracellular Ca2+ mobilization incubated for 15 mins by FLIPR assay,F,,,BAO_0000190,BAO_0000219,cell-based format,CC(C)COc1ccc(CNC(=O)N(Cc2ccc(F)cc2)C2CCN(CC(=O)N(C)C)CC2)cc1,,,CHEMBL5131502,Eur J Med Chem,2022,,CHEMBL5198862,,CHEMBL5198862,6.60,0,http://www.openphacts.org/units/Nanomolar,3872110,=,1,1,=,,IC50,nM,,252.0,CHEMBL224,Homo sapiens,Serotonin 2a (5-HT2a) receptor,9606,,,IC50,nM,UO_0000065,,252.0
310,"{'action_type': 'ANTAGONIST', 'description': 'Binds to a receptor and prevents activation by an agonist through competing for the binding site', 'parent_type': 'NEGATIVE MODULATOR'}",,24804015,"[{'comments': None, 'relation': '=', 'result_flag': 0, 'standard_relation': '=', 'standard_text_value': None, 'standard_type': 'TIME', 'standard_units': 'hr', 'standard_value': '0.25', 'text_value': None, 'type': 'Time', 'units': 'min', 'value': '15.0'}]",CHEMBL5135453,Antagonist activity at 5-HT2A receptor (unknown origin) expressed in CHO-K1 cells assessed as reduction in intracellular Ca2+ mobilization incubated for 15 mins by FLIPR assay,F,,,BAO_0000190,BAO_0000219,cell-based format,CC(C)COc1ccc(CNC(=O)N(Cc2ccc(F)cc2)C2CC(N(C)C)C2)cc1,,,CHEMBL5131502,Eur J Med Chem,2022,,CHEMBL5188595,,CHEMBL5188595,6.86,0,http://www.openphacts.org/units/Nanomolar,3872111,=,1,1,=,,IC50,nM,,138.8,CHEMBL224,Homo sapiens,Serotonin 2a (5-HT2a) receptor,9606,,,IC50,nM,UO_0000065,,138.8
311,"{'action_type': 'ANTAGONIST', 'description': 'Binds to a receptor and prevents activation by an agonist through competing for the binding site', 'parent_type': 'NEGATIVE MODULATOR'}",,24804016,"[{'comments': None, 'relation': '=', 'result_flag': 0, 'standard_relation': '=', 'standard_text_value': None, 'standard_type': 'TIME', 'standard_units': 'hr', 'standard_value': '0.25', 'text_value': None, 'type': 'Time', 'units': 'min', 'value': '15.0'}]",CHEMBL5135453,Antagonist activity at 5-HT2A receptor (unknown origin) expressed in CHO-K1 cells assessed as reduction in intracellular Ca2+ mobilization incubated for 15 mins by FLIPR assay,F,,,BAO_0000190,BAO_0000219,cell-based format,CC(C)COc1ccc(CNC(=O)N(Cc2ccc(F)cc2)C2CCC(N(C)C)C2)cc1,,,CHEMBL5131502,Eur J Med Chem,2022,,CHEMBL5194786,,CHEMBL5194786,6.96,0,http://www.openphacts.org/units/Nanomolar,3872112,=,1,1,=,,IC50,nM,,110.2,CHEMBL224,Homo sapiens,Serotonin 2a (5-HT2a) receptor,9606,,,IC50,nM,UO_0000065,,110.2
312,"{'action_type': 'ANTAGONIST', 'description': 'Binds to a receptor and prevents activation by an agonist through competing for the binding site', 'parent_type': 'NEGATIVE MODULATOR'}",,24804017,"[{'comments': None, 'relation': '=', 'result_flag': 0, 'standard_relation': '=', 'standard_text_value': None, 'standard_type': 'TIME', 'standard_units': 'hr', 'standard_value': '0.25', 'text_value': None, 'type': 'Time', 'units': 'min', 'value': '15.0'}]",CHEMBL5135453,Antagonist activity at 5-HT2A receptor (unknown origin) expressed in CHO-K1 cells assessed as reduction in intracellular Ca2+ mobilization incubated for 15 mins by FLIPR assay,F,,,BAO_0000190,BAO_0000219,cell-based format,CC(C)COc1ccc(CNC(=O)N(Cc2ccc(F)cn2)C2CCN(C)CC2)cc1,,,CHEMBL5131502,Eur J Med Chem,2022,,CHEMBL5184703,,CHEMBL5184703,8.06,0,http://www.openphacts.org/units/Nanomolar,3872119,=,1,1,=,,IC50,nM,,8.64,CHEMBL224,Homo sapiens,Serotonin 2a (5-HT2a) receptor,9606,,,IC50,nM,UO_0000065,,8.64
313,"{'action_type': 'ANTAGONIST', 'description': 'Binds to a receptor and prevents activation by an agonist through competing for the binding site', 'parent_type': 'NEGATIVE MODULATOR'}",,24804018,"[{'comments': None, 'relation': '=', 'result_flag': 0, 'standard_relation': '=', 'standard_text_value': None, 'standard_type': 'TIME', 'standard_units': 'hr', 'standard_value': '0.25', 'text_value': None, 'type': 'Time', 'units': 'min', 'value': '15.0'}]",CHEMBL5135453,Antagonist activity at 5-HT2A receptor (unknown origin) expressed in CHO-K1 cells assessed as reduction in intracellular Ca2+ mobilization incubated for 15 mins by FLIPR assay,F,,,BAO_0000190,BAO_0000219,cell-based format,CC(C)COc1ccc(CNC(=O)N(Cc2ccc(F)nn2)C2CCN(C)CC2)cc1,,,CHEMBL5131502,Eur J Med Chem,2022,,CHEMBL5199061,,CHEMBL5199061,7.83,0,http://www.openphacts.org/units/Nanomolar,3872120,=,1,1,=,,IC50,nM,,14.7,CHEMBL224,Homo sapiens,Serotonin 2a (5-HT2a) receptor,9606,,,IC50,nM,UO_0000065,,14.7
314,"{'action_type': 'ANTAGONIST', 'description': 'Binds to a receptor and prevents activation by an agonist through competing for the binding site', 'parent_type': 'NEGATIVE MODULATOR'}",,24804019,"[{'comments': None, 'relation': '=', 'result_flag': 0, 'standard_relation': '=', 'standard_text_value': None, 'standard_type': 'TIME', 'standard_units': 'hr', 'standard_value': '0.25', 'text_value': None, 'type': 'Time', 'units': 'min', 'value': '15.0'}]",CHEMBL5135453,Antagonist activity at 5-HT2A receptor (unknown origin) expressed in CHO-K1 cells assessed as reduction in intracellular Ca2+ mobilization incubated for 15 mins by FLIPR assay,F,,,BAO_0000190,BAO_0000219,cell-based format,CC(C)COc1ccc(CNC(=O)N(Cc2ncc(F)cc2F)C2CCN(C)CC2)cc1,,,CHEMBL5131502,Eur J Med Chem,2022,,CHEMBL5200635,,CHEMBL5200635,7.37,0,http://www.openphacts.org/units/Nanomolar,3872121,=,1,1,=,,IC50,nM,,43.2,CHEMBL224,Homo sapiens,Serotonin 2a (5-HT2a) receptor,9606,,,IC50,nM,UO_0000065,,43.2
315,"{'action_type': 'ANTAGONIST', 'description': 'Binds to a receptor and prevents activation by an agonist through competing for the binding site', 'parent_type': 'NEGATIVE MODULATOR'}",,24804020,"[{'comments': None, 'relation': '=', 'result_flag': 0, 'standard_relation': '=', 'standard_text_value': None, 'standard_type': 'TIME', 'standard_units': 'hr', 'standard_value': '0.25', 'text_value': None, 'type': 'Time', 'units': 'min', 'value': '15.0'}]",CHEMBL5135453,Antagonist activity at 5-HT2A receptor (unknown origin) expressed in CHO-K1 cells assessed as reduction in intracellular Ca2+ mobilization incubated for 15 mins by FLIPR assay,F,,,BAO_0000190,BAO_0000219,cell-based format,CN1CCC(N(Cc2ccc(F)cn2)C(=O)NCc2ccc(OCCF)cc2)CC1,,,CHEMBL5131502,Eur J Med Chem,2022,,CHEMBL5178732,,CHEMBL5178732,8.68,0,http://www.openphacts.org/units/Nanomolar,3872122,=,1,1,=,,IC50,nM,,2.11,CHEMBL224,Homo sapiens,Serotonin 2a (5-HT2a) receptor,9606,,,IC50,nM,UO_0000065,,2.11
316,"{'action_type': 'ANTAGONIST', 'description': 'Binds to a receptor and prevents activation by an agonist through competing for the binding site', 'parent_type': 'NEGATIVE MODULATOR'}",,24804021,"[{'comments': None, 'relation': '=', 'result_flag': 0, 'standard_relation': '=', 'standard_text_value': None, 'standard_type': 'TIME', 'standard_units': 'hr', 'standard_value': '0.25', 'text_value': None, 'type': 'Time', 'units': 'min', 'value': '15.0'}]",CHEMBL5135453,Antagonist activity at 5-HT2A receptor (unknown origin) expressed in CHO-K1 cells assessed as reduction in intracellular Ca2+ mobilization incubated for 15 mins by FLIPR assay,F,,,BAO_0000190,BAO_0000219,cell-based format,CN1CCC(N(Cc2ccc(F)cn2)C(=O)NCc2ccc(OCC(F)F)cc2)CC1,,,CHEMBL5131502,Eur J Med Chem,2022,,CHEMBL5172822,,CHEMBL5172822,8.66,0,http://www.openphacts.org/units/Nanomolar,3872123,=,1,1,=,,IC50,nM,,2.17,CHEMBL224,Homo sapiens,Serotonin 2a (5-HT2a) receptor,9606,,,IC50,nM,UO_0000065,,2.17
317,"{'action_type': 'ANTAGONIST', 'description': 'Binds to a receptor and prevents activation by an agonist through competing for the binding site', 'parent_type': 'NEGATIVE MODULATOR'}",,24804022,"[{'comments': None, 'relation': '=', 'result_flag': 0, 'standard_relation': '=', 'standard_text_value': None, 'standard_type': 'TIME', 'standard_units': 'hr', 'standard_value': '0.25', 'text_value': None, 'type': 'Time', 'units': 'min', 'value': '15.0'}]",CHEMBL5135453,Antagonist activity at 5-HT2A receptor (unknown origin) expressed in CHO-K1 cells assessed as reduction in intracellular Ca2+ mobilization incubated for 15 mins by FLIPR assay,F,,,BAO_0000190,BAO_0000219,cell-based format,CN1CCC(N(Cc2ccc(F)cn2)C(=O)NCc2ccc(OCC(F)(F)F)cc2)CC1,,,CHEMBL5131502,Eur J Med Chem,2022,,CHEMBL5205903,,CHEMBL5205903,9.27,0,http://www.openphacts.org/units/Nanomolar,3872124,=,1,1,=,,IC50,nM,,0.54,CHEMBL224,Homo sapiens,Serotonin 2a (5-HT2a) receptor,9606,,,IC50,nM,UO_0000065,,0.54
318,"{'action_type': 'ANTAGONIST', 'description': 'Binds to a receptor and prevents activation by an agonist through competing for the binding site', 'parent_type': 'NEGATIVE MODULATOR'}",,24804023,"[{'comments': None, 'relation': '=', 'result_flag': 0, 'standard_relation': '=', 'standard_text_value': None, 'standard_type': 'TIME', 'standard_units': 'hr', 'standard_value': '0.25', 'text_value': None, 'type': 'Time', 'units': 'min', 'value': '15.0'}]",CHEMBL5135453,Antagonist activity at 5-HT2A receptor (unknown origin) expressed in CHO-K1 cells assessed as reduction in intracellular Ca2+ mobilization incubated for 15 mins by FLIPR assay,F,,,BAO_0000190,BAO_0000219,cell-based format,CN1CCC(N(Cc2ccc(F)cn2)C(=O)NCc2ccc(OCCCF)cc2)CC1,,,CHEMBL5131502,Eur J Med Chem,2022,,CHEMBL5173703,,CHEMBL5173703,8.71,0,http://www.openphacts.org/units/Nanomolar,3872125,=,1,1,=,,IC50,nM,,1.93,CHEMBL224,Homo sapiens,Serotonin 2a (5-HT2a) receptor,9606,,,IC50,nM,UO_0000065,,1.93
319,"{'action_type': 'ANTAGONIST', 'description': 'Binds to a receptor and prevents activation by an agonist through competing for the binding site', 'parent_type': 'NEGATIVE MODULATOR'}",,24804024,"[{'comments': None, 'relation': '=', 'result_flag': 0, 'standard_relation': '=', 'standard_text_value': None, 'standard_type': 'TIME', 'standard_units': 'hr', 'standard_value': '0.25', 'text_value': None, 'type': 'Time', 'units': 'min', 'value': '15.0'}]",CHEMBL5135453,Antagonist activity at 5-HT2A receptor (unknown origin) expressed in CHO-K1 cells assessed as reduction in intracellular Ca2+ mobilization incubated for 15 mins by FLIPR assay,F,,,BAO_0000190,BAO_0000219,cell-based format,CN1CCC(N(Cc2ccc(F)cn2)C(=O)NCc2ccc(OCCC(F)F)cc2)CC1,,,CHEMBL5131502,Eur J Med Chem,2022,,CHEMBL5198919,,CHEMBL5198919,8.33,0,http://www.openphacts.org/units/Nanomolar,3872126,=,1,1,=,,IC50,nM,,4.64,CHEMBL224,Homo sapiens,Serotonin 2a (5-HT2a) receptor,9606,,,IC50,nM,UO_0000065,,4.64
320,"{'action_type': 'ANTAGONIST', 'description': 'Binds to a receptor and prevents activation by an agonist through competing for the binding site', 'parent_type': 'NEGATIVE MODULATOR'}",,24804025,"[{'comments': None, 'relation': '=', 'result_flag': 0, 'standard_relation': '=', 'standard_text_value': None, 'standard_type': 'TIME', 'standard_units': 'hr', 'standard_value': '0.25', 'text_value': None, 'type': 'Time', 'units': 'min', 'value': '15.0'}]",CHEMBL5135453,Antagonist activity at 5-HT2A receptor (unknown origin) expressed in CHO-K1 cells assessed as reduction in intracellular Ca2+ mobilization incubated for 15 mins by FLIPR assay,F,,,BAO_0000190,BAO_0000219,cell-based format,CN1CCC(N(Cc2ccc(F)cn2)C(=O)NCc2ccc(OCCC(F)(F)F)cc2)CC1,,,CHEMBL5131502,Eur J Med Chem,2022,,CHEMBL5184906,,CHEMBL5184906,8.33,0,http://www.openphacts.org/units/Nanomolar,3872127,=,1,1,=,,IC50,nM,,4.7,CHEMBL224,Homo sapiens,Serotonin 2a (5-HT2a) receptor,9606,,,IC50,nM,UO_0000065,,4.7
321,"{'action_type': 'ANTAGONIST', 'description': 'Binds to a receptor and prevents activation by an agonist through competing for the binding site', 'parent_type': 'NEGATIVE MODULATOR'}",,24804026,"[{'comments': None, 'relation': '=', 'result_flag': 0, 'standard_relation': '=', 'standard_text_value': None, 'standard_type': 'TIME', 'standard_units': 'hr', 'standard_value': '0.25', 'text_value': None, 'type': 'Time', 'units': 'min', 'value': '15.0'}]",CHEMBL5135453,Antagonist activity at 5-HT2A receptor (unknown origin) expressed in CHO-K1 cells assessed as reduction in intracellular Ca2+ mobilization incubated for 15 mins by FLIPR assay,F,,,BAO_0000190,BAO_0000219,cell-based format,CN1CCC(N(Cc2ccc(F)cn2)C(=O)NCc2ccc(OCCCCF)cc2)CC1,,,CHEMBL5131502,Eur J Med Chem,2022,,CHEMBL5198741,,CHEMBL5198741,8.63,0,http://www.openphacts.org/units/Nanomolar,3872128,=,1,1,=,,IC50,nM,,2.35,CHEMBL224,Homo sapiens,Serotonin 2a (5-HT2a) receptor,9606,,,IC50,nM,UO_0000065,,2.35
322,"{'action_type': 'ANTAGONIST', 'description': 'Binds to a receptor and prevents activation by an agonist through competing for the binding site', 'parent_type': 'NEGATIVE MODULATOR'}",,24804027,"[{'comments': None, 'relation': '=', 'result_flag': 0, 'standard_relation': '=', 'standard_text_value': None, 'standard_type': 'TIME', 'standard_units': 'hr', 'standard_value': '0.25', 'text_value': None, 'type': 'Time', 'units': 'min', 'value': '15.0'}]",CHEMBL5135453,Antagonist activity at 5-HT2A receptor (unknown origin) expressed in CHO-K1 cells assessed as reduction in intracellular Ca2+ mobilization incubated for 15 mins by FLIPR assay,F,,,BAO_0000190,BAO_0000219,cell-based format,CN1CCC(N(Cc2ccc(F)cn2)C(=O)NCc2ccc(OCCCC(F)F)cc2)CC1,,,CHEMBL5131502,Eur J Med Chem,2022,,CHEMBL5175451,,CHEMBL5175451,8.37,0,http://www.openphacts.org/units/Nanomolar,3872129,=,1,1,=,,IC50,nM,,4.29,CHEMBL224,Homo sapiens,Serotonin 2a (5-HT2a) receptor,9606,,,IC50,nM,UO_0000065,,4.29
323,"{'action_type': 'ANTAGONIST', 'description': 'Binds to a receptor and prevents activation by an agonist through competing for the binding site', 'parent_type': 'NEGATIVE MODULATOR'}",,24804028,"[{'comments': None, 'relation': '=', 'result_flag': 0, 'standard_relation': '=', 'standard_text_value': None, 'standard_type': 'TIME', 'standard_units': 'hr', 'standard_value': '0.25', 'text_value': None, 'type': 'Time', 'units': 'min', 'value': '15.0'}]",CHEMBL5135453,Antagonist activity at 5-HT2A receptor (unknown origin) expressed in CHO-K1 cells assessed as reduction in intracellular Ca2+ mobilization incubated for 15 mins by FLIPR assay,F,,,BAO_0000190,BAO_0000219,cell-based format,CN1CCC(N(Cc2ccc(F)cn2)C(=O)NCc2ccc(OCCCC(F)(F)F)cc2)CC1,,,CHEMBL5131502,Eur J Med Chem,2022,,CHEMBL5189473,,CHEMBL5189473,8.42,0,http://www.openphacts.org/units/Nanomolar,3872130,=,1,1,=,,IC50,nM,,3.78,CHEMBL224,Homo sapiens,Serotonin 2a (5-HT2a) receptor,9606,,,IC50,nM,UO_0000065,,3.78
324,"{'action_type': 'ANTAGONIST', 'description': 'Binds to a receptor and prevents activation by an agonist through competing for the binding site', 'parent_type': 'NEGATIVE MODULATOR'}",,24804029,"[{'comments': None, 'relation': '=', 'result_flag': 0, 'standard_relation': '=', 'standard_text_value': None, 'standard_type': 'TIME', 'standard_units': 'hr', 'standard_value': '0.25', 'text_value': None, 'type': 'Time', 'units': 'min', 'value': '15.0'}]",CHEMBL5135453,Antagonist activity at 5-HT2A receptor (unknown origin) expressed in CHO-K1 cells assessed as reduction in intracellular Ca2+ mobilization incubated for 15 mins by FLIPR assay,F,,,BAO_0000190,BAO_0000219,cell-based format,CN1CCC(N(Cc2ccc(F)cn2)C(=O)NCc2ccc(OCC(C)(C)F)cc2)CC1,,,CHEMBL5131502,Eur J Med Chem,2022,,CHEMBL5184297,,CHEMBL5184297,8.50,0,http://www.openphacts.org/units/Nanomolar,3872131,=,1,1,=,,IC50,nM,,3.13,CHEMBL224,Homo sapiens,Serotonin 2a (5-HT2a) receptor,9606,,,IC50,nM,UO_0000065,,3.13
325,"{'action_type': 'ANTAGONIST', 'description': 'Binds to a receptor and prevents activation by an agonist through competing for the binding site', 'parent_type': 'NEGATIVE MODULATOR'}",,24804030,"[{'comments': None, 'relation': '=', 'result_flag': 0, 'standard_relation': '=', 'standard_text_value': None, 'standard_type': 'TIME', 'standard_units': 'hr', 'standard_value': '0.25', 'text_value': None, 'type': 'Time', 'units': 'min', 'value': '15.0'}]",CHEMBL5135453,Antagonist activity at 5-HT2A receptor (unknown origin) expressed in CHO-K1 cells assessed as reduction in intracellular Ca2+ mobilization incubated for 15 mins by FLIPR assay,F,,,BAO_0000190,BAO_0000219,cell-based format,CN1CCC(N(Cc2ccc(F)cn2)C(=O)NCc2ccc(OC(F)(F)C(F)(F)F)cc2)CC1,,,CHEMBL5131502,Eur J Med Chem,2022,,CHEMBL5173149,,CHEMBL5173149,7.48,0,http://www.openphacts.org/units/Nanomolar,3872132,=,1,1,=,,IC50,nM,,33.4,CHEMBL224,Homo sapiens,Serotonin 2a (5-HT2a) receptor,9606,,,IC50,nM,UO_0000065,,33.4
326,"{'action_type': 'ANTAGONIST', 'description': 'Binds to a receptor and prevents activation by an agonist through competing for the binding site', 'parent_type': 'NEGATIVE MODULATOR'}",,24804031,"[{'comments': None, 'relation': '=', 'result_flag': 0, 'standard_relation': '=', 'standard_text_value': None, 'standard_type': 'TIME', 'standard_units': 'hr', 'standard_value': '0.25', 'text_value': None, 'type': 'Time', 'units': 'min', 'value': '15.0'}]",CHEMBL5135453,Antagonist activity at 5-HT2A receptor (unknown origin) expressed in CHO-K1 cells assessed as reduction in intracellular Ca2+ mobilization incubated for 15 mins by FLIPR assay,F,,,BAO_0000190,BAO_0000219,cell-based format,CC(C)OCc1ccc(CNC(=O)N(Cc2ccc(F)cn2)C2CCN(C)CC2)cc1,,,CHEMBL5131502,Eur J Med Chem,2022,,CHEMBL5200074,,CHEMBL5200074,8.69,0,http://www.openphacts.org/units/Nanomolar,3872133,=,1,1,=,,IC50,nM,,2.05,CHEMBL224,Homo sapiens,Serotonin 2a (5-HT2a) receptor,9606,,,IC50,nM,UO_0000065,,2.05
327,"{'action_type': 'ANTAGONIST', 'description': 'Binds to a receptor and prevents activation by an agonist through competing for the binding site', 'parent_type': 'NEGATIVE MODULATOR'}",,24804032,"[{'comments': None, 'relation': '=', 'result_flag': 0, 'standard_relation': '=', 'standard_text_value': None, 'standard_type': 'TIME', 'standard_units': 'hr', 'standard_value': '0.25', 'text_value': None, 'type': 'Time', 'units': 'min', 'value': '15.0'}]",CHEMBL5135453,Antagonist activity at 5-HT2A receptor (unknown origin) expressed in CHO-K1 cells assessed as reduction in intracellular Ca2+ mobilization incubated for 15 mins by FLIPR assay,F,,,BAO_0000190,BAO_0000219,cell-based format,CN1CCC(N(Cc2ccc(F)cn2)C(=O)NCc2ccc(CCC(F)(F)F)cc2)CC1,,,CHEMBL5131502,Eur J Med Chem,2022,,CHEMBL5181432,,CHEMBL5181432,7.74,0,http://www.openphacts.org/units/Nanomolar,3872134,=,1,1,=,,IC50,nM,,18.3,CHEMBL224,Homo sapiens,Serotonin 2a (5-HT2a) receptor,9606,,,IC50,nM,UO_0000065,,18.3
328,"{'action_type': 'ANTAGONIST', 'description': 'Binds to a receptor and prevents activation by an agonist through competing for the binding site', 'parent_type': 'NEGATIVE MODULATOR'}",,24804033,"[{'comments': None, 'relation': '=', 'result_flag': 0, 'standard_relation': '=', 'standard_text_value': None, 'standard_type': 'TIME', 'standard_units': 'hr', 'standard_value': '0.25', 'text_value': None, 'type': 'Time', 'units': 'min', 'value': '15.0'}]",CHEMBL5135453,Antagonist activity at 5-HT2A receptor (unknown origin) expressed in CHO-K1 cells assessed as reduction in intracellular Ca2+ mobilization incubated for 15 mins by FLIPR assay,F,,,BAO_0000190,BAO_0000219,cell-based format,CC(C)CCc1ccc(CNC(=O)N(Cc2ccc(F)cn2)C2CCN(C)CC2)cc1,,,CHEMBL5131502,Eur J Med Chem,2022,,CHEMBL5181200,,CHEMBL5181200,7.17,0,http://www.openphacts.org/units/Nanomolar,3872135,=,1,1,=,,IC50,nM,,67.2,CHEMBL224,Homo sapiens,Serotonin 2a (5-HT2a) receptor,9606,,,IC50,nM,UO_0000065,,67.2
329,"{'action_type': 'ANTAGONIST', 'description': 'Binds to a receptor and prevents activation by an agonist through competing for the binding site', 'parent_type': 'NEGATIVE MODULATOR'}",,24804034,"[{'comments': None, 'relation': '=', 'result_flag': 0, 'standard_relation': '=', 'standard_text_value': None, 'standard_type': 'TIME', 'standard_units': 'hr', 'standard_value': '0.25', 'text_value': None, 'type': 'Time', 'units': 'min', 'value': '15.0'}]",CHEMBL5135453,Antagonist activity at 5-HT2A receptor (unknown origin) expressed in CHO-K1 cells assessed as reduction in intracellular Ca2+ mobilization incubated for 15 mins by FLIPR assay,F,,,BAO_0000190,BAO_0000219,cell-based format,CC(C)Cc1ccc(CNC(=O)N(Cc2ccc(F)cn2)C2CCN(C)CC2)cc1,,,CHEMBL5131502,Eur J Med Chem,2022,,CHEMBL5208211,,CHEMBL5208211,7.58,0,http://www.openphacts.org/units/Nanomolar,3872136,=,1,1,=,,IC50,nM,,26.4,CHEMBL224,Homo sapiens,Serotonin 2a (5-HT2a) receptor,9606,,,IC50,nM,UO_0000065,,26.4
330,"{'action_type': 'ANTAGONIST', 'description': 'Binds to a receptor and prevents activation by an agonist through competing for the binding site', 'parent_type': 'NEGATIVE MODULATOR'}",,24804035,"[{'comments': None, 'relation': '=', 'result_flag': 0, 'standard_relation': '=', 'standard_text_value': None, 'standard_type': 'TIME', 'standard_units': 'hr', 'standard_value': '0.25', 'text_value': None, 'type': 'Time', 'units': 'min', 'value': '15.0'}]",CHEMBL5135453,Antagonist activity at 5-HT2A receptor (unknown origin) expressed in CHO-K1 cells assessed as reduction in intracellular Ca2+ mobilization incubated for 15 mins by FLIPR assay,F,,,BAO_0000190,BAO_0000219,cell-based format,CN1CCC(N(Cc2ccc(F)cn2)C(=O)NCc2ccc3c(c2)CC(C)(C)O3)CC1,,,CHEMBL5131502,Eur J Med Chem,2022,,CHEMBL5197899,,CHEMBL5197899,8.46,0,http://www.openphacts.org/units/Nanomolar,3872137,=,1,1,=,,IC50,nM,,3.49,CHEMBL224,Homo sapiens,Serotonin 2a (5-HT2a) receptor,9606,,,IC50,nM,UO_0000065,,3.49
331,"{'action_type': 'ANTAGONIST', 'description': 'Binds to a receptor and prevents activation by an agonist through competing for the binding site', 'parent_type': 'NEGATIVE MODULATOR'}",,24804036,"[{'comments': None, 'relation': '=', 'result_flag': 0, 'standard_relation': '=', 'standard_text_value': None, 'standard_type': 'TIME', 'standard_units': 'hr', 'standard_value': '0.25', 'text_value': None, 'type': 'Time', 'units': 'min', 'value': '15.0'}]",CHEMBL5135453,Antagonist activity at 5-HT2A receptor (unknown origin) expressed in CHO-K1 cells assessed as reduction in intracellular Ca2+ mobilization incubated for 15 mins by FLIPR assay,F,,,BAO_0000190,BAO_0000219,cell-based format,CC(C)C1Cc2cc(CNC(=O)N(Cc3ccc(F)cn3)C3CCN(C)CC3)ccc2O1,,,CHEMBL5131502,Eur J Med Chem,2022,,CHEMBL5191581,,CHEMBL5191581,8.00,0,http://www.openphacts.org/units/Nanomolar,3872138,=,1,1,=,,IC50,nM,,9.98,CHEMBL224,Homo sapiens,Serotonin 2a (5-HT2a) receptor,9606,,,IC50,nM,UO_0000065,,9.98
332,"{'action_type': 'ANTAGONIST', 'description': 'Binds to a receptor and prevents activation by an agonist through competing for the binding site', 'parent_type': 'NEGATIVE MODULATOR'}",,24804037,"[{'comments': None, 'relation': '=', 'result_flag': 0, 'standard_relation': '=', 'standard_text_value': None, 'standard_type': 'TIME', 'standard_units': 'hr', 'standard_value': '0.25', 'text_value': None, 'type': 'Time', 'units': 'min', 'value': '15.0'}]",CHEMBL5135453,Antagonist activity at 5-HT2A receptor (unknown origin) expressed in CHO-K1 cells assessed as reduction in intracellular Ca2+ mobilization incubated for 15 mins by FLIPR assay,F,,,BAO_0000190,BAO_0000219,cell-based format,CC(C)c1cc2cc(CNC(=O)N(Cc3ccc(F)cn3)C3CCN(C)CC3)ccc2o1,,,CHEMBL5131502,Eur J Med Chem,2022,,CHEMBL5205849,,CHEMBL5205849,7.68,0,http://www.openphacts.org/units/Nanomolar,3872139,=,1,1,=,,IC50,nM,,20.9,CHEMBL224,Homo sapiens,Serotonin 2a (5-HT2a) receptor,9606,,,IC50,nM,UO_0000065,,20.9
333,"{'action_type': 'ANTAGONIST', 'description': 'Binds to a receptor and prevents activation by an agonist through competing for the binding site', 'parent_type': 'NEGATIVE MODULATOR'}",,24804038,"[{'comments': None, 'relation': '=', 'result_flag': 0, 'standard_relation': '=', 'standard_text_value': None, 'standard_type': 'TIME', 'standard_units': 'hr', 'standard_value': '0.25', 'text_value': None, 'type': 'Time', 'units': 'min', 'value': '15.0'}]",CHEMBL5135453,Antagonist activity at 5-HT2A receptor (unknown origin) expressed in CHO-K1 cells assessed as reduction in intracellular Ca2+ mobilization incubated for 15 mins by FLIPR assay,F,,,BAO_0000190,BAO_0000219,cell-based format,CN1CCC(N(Cc2ccc(F)cn2)C(=O)NCc2ccc3c(c2)CCC(C)(C)O3)CC1,,,CHEMBL5131502,Eur J Med Chem,2022,,CHEMBL5194545,,CHEMBL5194545,7.67,0,http://www.openphacts.org/units/Nanomolar,3872140,=,1,1,=,,IC50,nM,,21.25,CHEMBL224,Homo sapiens,Serotonin 2a (5-HT2a) receptor,9606,,,IC50,nM,UO_0000065,,21.25
334,"{'action_type': 'ANTAGONIST', 'description': 'Binds to a receptor and prevents activation by an agonist through competing for the binding site', 'parent_type': 'NEGATIVE MODULATOR'}",,24804039,"[{'comments': None, 'relation': '=', 'result_flag': 0, 'standard_relation': '=', 'standard_text_value': None, 'standard_type': 'TIME', 'standard_units': 'hr', 'standard_value': '0.25', 'text_value': None, 'type': 'Time', 'units': 'min', 'value': '15.0'}]",CHEMBL5135453,Antagonist activity at 5-HT2A receptor (unknown origin) expressed in CHO-K1 cells assessed as reduction in intracellular Ca2+ mobilization incubated for 15 mins by FLIPR assay,F,,,BAO_0000190,BAO_0000219,cell-based format,CN1CCC(N(Cc2ccc(F)cn2)C(=O)NCc2ccc3c(c2)C=CC(C)(C)O3)CC1,,,CHEMBL5131502,Eur J Med Chem,2022,,CHEMBL5200155,,CHEMBL5200155,7.76,0,http://www.openphacts.org/units/Nanomolar,3872141,=,1,1,=,,IC50,nM,,17.27,CHEMBL224,Homo sapiens,Serotonin 2a (5-HT2a) receptor,9606,,,IC50,nM,UO_0000065,,17.27
335,"{'action_type': 'ANTAGONIST', 'description': 'Binds to a receptor and prevents activation by an agonist through competing for the binding site', 'parent_type': 'NEGATIVE MODULATOR'}",,24804040,"[{'comments': None, 'relation': '=', 'result_flag': 0, 'standard_relation': '=', 'standard_text_value': None, 'standard_type': 'TIME', 'standard_units': 'hr', 'standard_value': '0.25', 'text_value': None, 'type': 'Time', 'units': 'min', 'value': '15.0'}]",CHEMBL5135453,Antagonist activity at 5-HT2A receptor (unknown origin) expressed in CHO-K1 cells assessed as reduction in intracellular Ca2+ mobilization incubated for 15 mins by FLIPR assay,F,,,BAO_0000190,BAO_0000219,cell-based format,CN1CCC(N(Cc2ccc(F)cn2)C(=O)NCc2ccc(OCC(F)(F)F)c(F)c2)CC1,,,CHEMBL5131502,Eur J Med Chem,2022,,CHEMBL5185362,,CHEMBL5185362,8.16,0,http://www.openphacts.org/units/Nanomolar,3872142,=,1,1,=,,IC50,nM,,6.86,CHEMBL224,Homo sapiens,Serotonin 2a (5-HT2a) receptor,9606,,,IC50,nM,UO_0000065,,6.86
336,"{'action_type': 'ANTAGONIST', 'description': 'Binds to a receptor and prevents activation by an agonist through competing for the binding site', 'parent_type': 'NEGATIVE MODULATOR'}",,24804041,"[{'comments': None, 'relation': '=', 'result_flag': 0, 'standard_relation': '=', 'standard_text_value': None, 'standard_type': 'TIME', 'standard_units': 'hr', 'standard_value': '0.25', 'text_value': None, 'type': 'Time', 'units': 'min', 'value': '15.0'}]",CHEMBL5135453,Antagonist activity at 5-HT2A receptor (unknown origin) expressed in CHO-K1 cells assessed as reduction in intracellular Ca2+ mobilization incubated for 15 mins by FLIPR assay,F,,,BAO_0000190,BAO_0000219,cell-based format,CN1CCC(N(Cc2ccc(F)cn2)C(=O)NCc2ccc(OCC(F)(F)F)c(Cl)c2)CC1,,,CHEMBL5131502,Eur J Med Chem,2022,,CHEMBL5188950,,CHEMBL5188950,6.90,0,http://www.openphacts.org/units/Nanomolar,3872143,=,1,1,=,,IC50,nM,,125.0,CHEMBL224,Homo sapiens,Serotonin 2a (5-HT2a) receptor,9606,,,IC50,nM,UO_0000065,,125.0
337,"{'action_type': 'ANTAGONIST', 'description': 'Binds to a receptor and prevents activation by an agonist through competing for the binding site', 'parent_type': 'NEGATIVE MODULATOR'}",,24804042,"[{'comments': None, 'relation': '=', 'result_flag': 0, 'standard_relation': '=', 'standard_text_value': None, 'standard_type': 'TIME', 'standard_units': 'hr', 'standard_value': '0.25', 'text_value': None, 'type': 'Time', 'units': 'min', 'value': '15.0'}]",CHEMBL5135453,Antagonist activity at 5-HT2A receptor (unknown origin) expressed in CHO-K1 cells assessed as reduction in intracellular Ca2+ mobilization incubated for 15 mins by FLIPR assay,F,,,BAO_0000190,BAO_0000219,cell-based format,CN1CCC(N(Cc2ccc(F)cn2)C(=O)NCc2ccc(OCC(F)(F)F)c(Br)c2)CC1,,,CHEMBL5131502,Eur J Med Chem,2022,,CHEMBL5200788,,CHEMBL5200788,7.92,0,http://www.openphacts.org/units/Nanomolar,3872144,=,1,1,=,,IC50,nM,,12.0,CHEMBL224,Homo sapiens,Serotonin 2a (5-HT2a) receptor,9606,,,IC50,nM,UO_0000065,,12.0
338,"{'action_type': 'ANTAGONIST', 'description': 'Binds to a receptor and prevents activation by an agonist through competing for the binding site', 'parent_type': 'NEGATIVE MODULATOR'}",,24804043,"[{'comments': None, 'relation': '=', 'result_flag': 0, 'standard_relation': '=', 'standard_text_value': None, 'standard_type': 'TIME', 'standard_units': 'hr', 'standard_value': '0.25', 'text_value': None, 'type': 'Time', 'units': 'min', 'value': '15.0'}]",CHEMBL5135453,Antagonist activity at 5-HT2A receptor (unknown origin) expressed in CHO-K1 cells assessed as reduction in intracellular Ca2+ mobilization incubated for 15 mins by FLIPR assay,F,,,BAO_0000190,BAO_0000219,cell-based format,CN1CCC(N(Cc2ccc(F)cn2)C(=O)NCc2ccc(OCC(F)(F)F)c(C(F)(F)F)c2)CC1,,,CHEMBL5131502,Eur J Med Chem,2022,,CHEMBL5192882,,CHEMBL5192882,7.56,0,http://www.openphacts.org/units/Nanomolar,3872145,=,1,1,=,,IC50,nM,,27.3,CHEMBL224,Homo sapiens,Serotonin 2a (5-HT2a) receptor,9606,,,IC50,nM,UO_0000065,,27.3
339,,,24804044,"[{'comments': None, 'relation': '=', 'result_flag': 0, 'standard_relation': '=', 'standard_text_value': None, 'standard_type': 'TIME', 'standard_units': 'hr', 'standard_value': '0.25', 'text_value': None, 'type': 'Time', 'units': 'min', 'value': '15.0'}]",CHEMBL5135453,Antagonist activity at 5-HT2A receptor (unknown origin) expressed in CHO-K1 cells assessed as reduction in intracellular Ca2+ mobilization incubated for 15 mins by FLIPR assay,F,,,BAO_0000190,BAO_0000219,cell-based format,CC(C)COc1ccc(CNC(=O)N(Cc2ccc(F)cc2)C2CCCC(N(C)C)C2)cc1,,,CHEMBL5131502,Eur J Med Chem,2022,,CHEMBL5193532,,CHEMBL5193532,,0,http://www.openphacts.org/units/Nanomolar,3872113,>,1,1,>,,IC50,nM,,500.0,CHEMBL224,Homo sapiens,Serotonin 2a (5-HT2a) receptor,9606,,,IC50,nM,UO_0000065,,500.0
340,,,24804045,"[{'comments': None, 'relation': '=', 'result_flag': 0, 'standard_relation': '=', 'standard_text_value': None, 'standard_type': 'TIME', 'standard_units': 'hr', 'standard_value': '0.25', 'text_value': None, 'type': 'Time', 'units': 'min', 'value': '15.0'}]",CHEMBL5135453,Antagonist activity at 5-HT2A receptor (unknown origin) expressed in CHO-K1 cells assessed as reduction in intracellular Ca2+ mobilization incubated for 15 mins by FLIPR assay,F,,,BAO_0000190,BAO_0000219,cell-based format,CC(C)COc1ccc(CNC(=O)N(Cc2cccc3sccc23)C2CCN(C)CC2)cc1,,,CHEMBL5131502,Eur J Med Chem,2022,,CHEMBL5174421,,CHEMBL5174421,,0,http://www.openphacts.org/units/Nanomolar,3872114,>,1,1,>,,IC50,nM,,500.0,CHEMBL224,Homo sapiens,Serotonin 2a (5-HT2a) receptor,9606,,,IC50,nM,UO_0000065,,500.0
341,,,24804046,"[{'comments': None, 'relation': '=', 'result_flag': 0, 'standard_relation': '=', 'standard_text_value': None, 'standard_type': 'TIME', 'standard_units': 'hr', 'standard_value': '0.25', 'text_value': None, 'type': 'Time', 'units': 'min', 'value': '15.0'}]",CHEMBL5135453,Antagonist activity at 5-HT2A receptor (unknown origin) expressed in CHO-K1 cells assessed as reduction in intracellular Ca2+ mobilization incubated for 15 mins by FLIPR assay,F,,,BAO_0000190,BAO_0000219,cell-based format,CC(C)COc1ccc(CNC(=O)N(Cc2cccc3[nH]cnc23)C2CCN(C)CC2)cc1,,,CHEMBL5131502,Eur J Med Chem,2022,,CHEMBL5201875,,CHEMBL5201875,,0,http://www.openphacts.org/units/Nanomolar,3872115,>,1,1,>,,IC50,nM,,500.0,CHEMBL224,Homo sapiens,Serotonin 2a (5-HT2a) receptor,9606,,,IC50,nM,UO_0000065,,500.0
342,,,24804047,"[{'comments': None, 'relation': '=', 'result_flag': 0, 'standard_relation': '=', 'standard_text_value': None, 'standard_type': 'TIME', 'standard_units': 'hr', 'standard_value': '0.25', 'text_value': None, 'type': 'Time', 'units': 'min', 'value': '15.0'}]",CHEMBL5135453,Antagonist activity at 5-HT2A receptor (unknown origin) expressed in CHO-K1 cells assessed as reduction in intracellular Ca2+ mobilization incubated for 15 mins by FLIPR assay,F,,,BAO_0000190,BAO_0000219,cell-based format,CC(C)COc1ccc(CNC(=O)N(Cc2cn[nH]c2)C2CCN(C)CC2)cc1,,,CHEMBL5131502,Eur J Med Chem,2022,,CHEMBL5169670,,CHEMBL5169670,,0,http://www.openphacts.org/units/Nanomolar,3872116,>,1,1,>,,IC50,nM,,500.0,CHEMBL224,Homo sapiens,Serotonin 2a (5-HT2a) receptor,9606,,,IC50,nM,UO_0000065,,500.0
343,,,24804048,"[{'comments': None, 'relation': '=', 'result_flag': 0, 'standard_relation': '=', 'standard_text_value': None, 'standard_type': 'TIME', 'standard_units': 'hr', 'standard_value': '0.25', 'text_value': None, 'type': 'Time', 'units': 'min', 'value': '15.0'}]",CHEMBL5135453,Antagonist activity at 5-HT2A receptor (unknown origin) expressed in CHO-K1 cells assessed as reduction in intracellular Ca2+ mobilization incubated for 15 mins by FLIPR assay,F,,,BAO_0000190,BAO_0000219,cell-based format,Cc1noc(C)c1CN(C(=O)NCc1ccc(OCC(C)C)cc1)C1CCN(C)CC1,,,CHEMBL5131502,Eur J Med Chem,2022,,CHEMBL5176379,,CHEMBL5176379,,0,http://www.openphacts.org/units/Nanomolar,3872117,>,1,1,>,,IC50,nM,,500.0,CHEMBL224,Homo sapiens,Serotonin 2a (5-HT2a) receptor,9606,,,IC50,nM,UO_0000065,,500.0
344,,,24804049,"[{'comments': None, 'relation': '=', 'result_flag': 0, 'standard_relation': '=', 'standard_text_value': None, 'standard_type': 'TIME', 'standard_units': 'hr', 'standard_value': '0.25', 'text_value': None, 'type': 'Time', 'units': 'min', 'value': '15.0'}]",CHEMBL5135453,Antagonist activity at 5-HT2A receptor (unknown origin) expressed in CHO-K1 cells assessed as reduction in intracellular Ca2+ mobilization incubated for 15 mins by FLIPR assay,F,,,BAO_0000190,BAO_0000219,cell-based format,CC(C)COc1ccc(CNC(=O)N(Cc2ccc(F)nc2)C2CCN(C)CC2)cc1,,,CHEMBL5131502,Eur J Med Chem,2022,,CHEMBL5179185,,CHEMBL5179185,,0,http://www.openphacts.org/units/Nanomolar,3872118,>,1,1,>,,IC50,nM,,500.0,CHEMBL224,Homo sapiens,Serotonin 2a (5-HT2a) receptor,9606,,,IC50,nM,UO_0000065,,500.0
